0.636364,0.672727,0.301525,1.40809,['0.0/22', '68.0/68', '0.0/13', '2.0/6', '0.0/1']
0.572727,0.763636,0.29925,1.38365,['2.0/23', '60.0/61', '0.0/16', '1.0/8', '0.0/2']
0.590909,0.736364,0.27902,1.42405,['0.0/22', '63.0/68', '2.0/11', '0.0/5', '0.0/4']
0.509091,0.663636,0.285441,1.45158,['0.0/29', '56.0/57', '0.0/13', '0.0/7', '0.0/4']
0.5,0.754545,0.277276,1.46557,['0.0/28', '54.0/54', '0.0/15', '1.0/8', '0.0/5']
0.490909,0.790909,0.276928,1.47711,['1.0/34', '53.0/53', '0.0/12', '0.0/8', '0.0/3']
0.481818,0.772727,0.269439,1.48336,['1.0/25', '51.0/54', '0.0/22', '1.0/7', '0.0/2']
0.663636,0.854545,0.230515,1.44927,['3.0/22', '67.0/70', '0.0/12', '3.0/5', '0.0/1']
0.5,0.727273,0.275655,1.48768,['2.0/30', '53.0/53', '0.0/18', '0.0/4', '0.0/5']
0.563636,0.781818,0.257593,1.45915,['2.0/22', '57.0/60', '0.0/16', '3.0/8', '0.0/4']
0.572727,0.836364,0.257512,1.4475,['1.0/25', '62.0/62', '0.0/13', '0.0/9', '0.0/1']
0.609091,0.863636,0.246459,1.43139,['6.0/25', '60.0/65', '0.0/8', '1.0/6', '0.0/6']
0.618182,0.827273,0.234082,1.40793,['3.0/21', '65.0/65', '0.0/13', '0.0/8', '0.0/3']
0.572727,0.927273,0.250637,1.43262,['0.0/31', '62.0/66', '0.0/9', '1.0/1', '0.0/3']
0.627273,0.827273,0.241133,1.43109,['4.0/22', '63.0/68', '2.0/12', '0.0/5', '0.0/3']
0.681818,0.872727,0.220751,1.3939,['1.0/22', '70.0/71', '0.0/9', '4.0/6', '0.0/2']
0.627273,0.909091,0.241474,1.38796,['0.0/18', '66.0/67', '0.0/19', '2.0/2', '1.0/4']
0.681818,0.927273,0.215223,1.37975,['10.0/19', '59.0/63', '0.0/19', '6.0/7', '0.0/2']
0.618182,0.909091,0.24228,1.40781,['14.0/28', '51.0/58', '0.0/11', '3.0/10', '0.0/3']
0.627273,0.854545,0.231064,1.40394,['4.0/22', '60.0/61', '0.0/15', '4.0/7', '1.0/5']
0.6,0.863636,0.22193,1.39012,['2.0/22', '56.0/56', '0.0/18', '7.0/11', '1.0/3']
0.654545,0.890909,0.208567,1.38452,['10.0/25', '62.0/65', '0.0/12', '0.0/5', '0.0/3']
0.627273,0.909091,0.250963,1.36486,['1.0/18', '65.0/65', '0.0/20', '3.0/5', '0.0/2']
0.636364,0.890909,0.228556,1.36506,['13.0/30', '57.0/61', '0.0/11', '0.0/4', '0.0/4']
0.690909,0.918182,0.210488,1.38239,['20.0/24', '54.0/61', '0.0/19', '1.0/4', '1.0/2']
0.545455,0.781818,0.243259,1.44094,['5.0/28', '50.0/53', '0.0/16', '3.0/10', '2.0/3']
0.636364,0.890909,0.230003,1.40018,['16.0/25', '52.0/64', '0.0/15', '2.0/4', '0.0/2']
0.727273,0.927273,0.227324,1.38954,['14.0/23', '64.0/66', '0.0/14', '2.0/6', '0.0/1']
0.7,0.9,0.202559,1.36776,['13.0/23', '60.0/65', '0.0/12', '4.0/8', '0.0/2']
0.709091,0.909091,0.214877,1.3881,['10.0/21', '67.0/71', '0.0/10', '1.0/4', '0.0/4']
0.563636,0.8,0.253318,1.40789,['3.0/28', '59.0/62', '0.0/10', '0.0/6', '0.0/4']
0.645455,0.827273,0.240891,1.4078,['9.0/27', '56.0/59', '0.0/12', '6.0/8', '0.0/4']
0.681818,0.890909,0.221053,1.37447,['26.0/34', '45.0/54', '0.0/12', '4.0/7', '0.0/3']
0.609091,0.918182,0.21463,1.36647,['17.0/25', '46.0/54', '0.0/23', '4.0/6', '0.0/2']
0.672727,0.890909,0.218491,1.37398,['4.0/23', '68.0/68', '0.0/12', '2.0/6', '0.0/1']
0.563636,0.772727,0.263005,1.41693,['6.0/28', '55.0/57', '0.0/16', '0.0/4', '1.0/5']
0.618182,0.827273,0.237621,1.40977,['5.0/19', '60.0/62', '0.0/16', '2.0/9', '1.0/4']
0.636364,0.9,0.219969,1.35045,['5.0/27', '61.0/61', '0.0/11', '3.0/10', '1.0/1']
0.727273,0.872727,0.201834,1.35104,['12.0/26', '64.0/65', '0.0/7', '3.0/6', '1.0/6']
0.718182,0.918182,0.199148,1.33344,['8.0/18', '67.0/69', '0.0/13', '4.0/8', '0.0/2']
0.618182,0.909091,0.23529,1.35477,['7.0/33', '59.0/62', '0.0/10', '1.0/1', '1.0/4']
0.654545,0.872727,0.222809,1.40382,['16.0/23', '51.0/66', '0.0/13', '2.0/5', '3.0/3']
0.645455,0.9,0.212763,1.40961,['18.0/20', '48.0/73', '0.0/10', '3.0/5', '2.0/2']
0.609091,0.9,0.233314,1.39492,['8.0/18', '55.0/66', '3.0/20', '0.0/2', '1.0/4']
0.754545,0.936364,0.210745,1.36034,['12.0/19', '65.0/68', '0.0/14', '6.0/7', '0.0/2']
0.6,0.872727,0.266898,1.39098,['2.0/26', '62.0/62', '0.0/9', '2.0/10', '0.0/3']
0.663636,0.927273,0.210427,1.38441,['12.0/22', '51.0/59', '4.0/17', '2.0/7', '4.0/5']
0.618182,0.863636,0.21248,1.39732,['8.0/20', '46.0/58', '5.0/18', '8.0/11', '1.0/3']
0.7,0.9,0.210659,1.38414,['13.0/26', '63.0/66', '0.0/11', '0.0/5', '1.0/2']
0.636364,0.954545,0.220705,1.3508,['8.0/23', '58.0/62', '0.0/18', '3.0/5', '1.0/2']
0.609091,0.9,0.235143,1.4292,['12.0/29', '50.0/63', '0.0/10', '1.0/4', '4.0/4']
0.590909,0.936364,0.235297,1.35257,['4.0/25', '61.0/62', '0.0/17', '0.0/4', '0.0/2']
0.645455,0.963636,0.196282,1.35354,['18.0/27', '49.0/55', '0.0/16', '3.0/9', '1.0/3']
0.672727,0.927273,0.215488,1.36606,['16.0/25', '55.0/67', '0.0/13', '2.0/3', '1.0/2']
0.681818,0.927273,0.220311,1.36138,['7.0/22', '64.0/66', '1.0/14', '2.0/6', '1.0/2']
0.727273,0.927273,0.192537,1.36064,['15.0/24', '58.0/62', '1.0/14', '4.0/8', '2.0/2']
0.745455,0.909091,0.20853,1.3721,['15.0/19', '61.0/71', '2.0/10', '2.0/6', '2.0/4']
0.745455,0.927273,0.191621,1.34145,['19.0/27', '59.0/61', '0.0/11', '4.0/7', '0.0/4']
0.627273,0.827273,0.231543,1.42913,['16.0/25', '46.0/57', '0.0/15', '3.0/8', '4.0/5']
0.727273,0.963636,0.209015,1.34328,['25.0/35', '51.0/54', '0.0/12', '4.0/6', '0.0/3']
0.654545,0.927273,0.208494,1.3587,['21.0/25', '46.0/52', '0.0/23', '4.0/8', '1.0/2']
0.663636,0.9,0.212104,1.40841,['17.0/25', '53.0/67', '0.0/11', '2.0/6', '1.0/1']
0.727273,0.936364,0.201705,1.36407,['23.0/31', '51.0/55', '0.0/16', '1.0/3', '5.0/5']
0.718182,0.909091,0.195174,1.35452,['18.0/23', '54.0/59', '0.0/16', '3.0/8', '4.0/4']
0.745454,0.936364,0.182535,1.31077,['22.0/28', '54.0/60', '0.0/12', '5.0/9', '1.0/1']
0.7,0.918182,0.190851,1.33863,['9.0/25', '62.0/64', '0.0/9', '2.0/5', '4.0/7']
0.663636,0.918182,0.210335,1.31025,['5.0/23', '65.0/65', '0.0/14', '3.0/5', '0.0/3']
0.690909,0.936364,0.207503,1.33993,['11.0/32', '62.0/66', '0.0/8', '0.0/1', '3.0/3']
0.690909,0.945454,0.19062,1.33671,['11.0/24', '63.0/66', '0.0/12', '0.0/5', '2.0/3']
0.772727,0.936364,0.186314,1.37737,['17.0/25', '61.0/67', '0.0/10', '5.0/6', '2.0/2']
0.654545,0.9,0.197801,1.32718,['8.0/17', '61.0/65', '0.0/21', '2.0/2', '1.0/5']
0.672727,0.945454,0.20253,1.33144,['12.0/20', '57.0/62', '0.0/18', '5.0/7', '0.0/3']
0.727273,0.954545,0.218147,1.37033,['14.0/25', '54.0/62', '3.0/10', '7.0/10', '2.0/3']
0.763636,0.945454,0.180346,1.34971,['17.0/22', '58.0/61', '0.0/15', '5.0/7', '4.0/5']
0.672727,0.890909,0.206901,1.35562,['12.0/18', '55.0/58', '0.0/20', '7.0/11', '0.0/3']
0.709091,0.927273,0.198496,1.36457,['13.0/27', '64.0/67', '0.0/9', '0.0/4', '1.0/3']
0.690909,0.936364,0.202729,1.33577,['13.0/21', '59.0/64', '0.0/18', '3.0/5', '1.0/2']
0.627273,0.9,0.222003,1.33472,['12.0/31', '57.0/61', '0.0/10', '0.0/4', '0.0/4']
0.745455,0.909091,0.184879,1.36,['24.0/26', '55.0/61', '0.0/17', '1.0/4', '2.0/2']
0.627273,0.963636,0.192557,1.35212,['19.0/25', '43.0/56', '0.0/17', '5.0/9', '2.0/3']
0.654545,0.890909,0.211235,1.35048,['25.0/27', '44.0/63', '0.0/15', '2.0/3', '1.0/2']
0.736364,0.927273,0.203089,1.32464,['14.0/23', '64.0/65', '1.0/14', '2.0/7', '0.0/1']
0.7,0.945454,0.17426,1.33755,['17.0/24', '54.0/63', '0.0/13', '4.0/8', '2.0/2']
0.754545,0.927273,0.192117,1.34179,['11.0/21', '63.0/69', '4.0/11', '4.0/5', '1.0/4']
0.763636,0.981818,0.167562,1.3198,['20.0/29', '57.0/59', '0.0/12', '4.0/6', '3.0/4']
0.645455,0.9,0.212098,1.37678,['12.0/27', '47.0/56', '4.0/13', '6.0/9', '2.0/5']
0.690909,0.936364,0.208494,1.35008,['29.0/34', '43.0/52', '4.0/13', '0.0/8', '0.0/3']
0.581818,0.918182,0.22621,1.35619,['9.0/25', '51.0/55', '0.0/21', '3.0/7', '1.0/2']
0.672727,0.936364,0.194029,1.34158,['9.0/25', '63.0/66', '0.0/13', '2.0/5', '0.0/1']
0.681818,0.927273,0.209807,1.3825,['22.0/29', '47.0/58', '0.0/14', '1.0/4', '5.0/5']
0.727273,0.9,0.189473,1.35779,['15.0/22', '52.0/62', '7.0/15', '3.0/7', '3.0/4']
0.254545,0.445455,0.337522,1.57357,['19.0/26', '1.0/64', '0.0/10', '7.0/9', '1.0/1']
0.7,0.881818,0.226436,1.41275,['21.0/25', '47.0/64', '0.0/9', '3.0/5', '6.0/7']
0.727273,0.927273,0.194655,1.31472,['10.0/20', '64.0/66', '0.0/14', '5.0/7', '1.0/3']
0.645455,0.954545,0.220168,1.31533,['8.0/31', '61.0/63', '0.0/11', '1.0/1', '1.0/4']
0.663636,0.945454,0.243369,1.33189,['5.0/21', '66.0/69', '0.0/12', '0.0/5', '2.0/3']
0.718182,0.963636,0.187559,1.33965,['6.0/25', '69.0/70', '0.0/8', '3.0/5', '1.0/2']
0.7,0.881818,0.206868,1.3378,['11.0/18', '63.0/67', '0.0/19', '2.0/2', '1.0/4']
0.709091,0.909091,0.197544,1.32979,['9.0/18', '59.0/62', '3.0/18', '6.0/9', '1.0/3']
0.7,0.927273,0.209823,1.34717,['13.0/26', '55.0/59', '3.0/12', '4.0/10', '2.0/3']
0.7,0.890909,0.213997,1.40926,['17.0/22', '46.0/60', '6.0/16', '3.0/7', '5.0/5']
0.636364,0.9,0.207689,1.39356,['16.0/19', '40.0/56', '4.0/21', '8.0/11', '2.0/3']
0.772727,0.909091,0.187483,1.32712,['24.0/26', '60.0/65', '0.0/12', '1.0/5', '0.0/2']
0.681818,0.963636,0.2015,1.31821,['13.0/20', '57.0/62', '0.0/21', '3.0/5', '2.0/2']
0.636364,0.927273,0.215511,1.31929,['7.0/29', '59.0/61', '0.0/11', '1.0/4', '3.0/5']
0.772727,0.945454,0.185075,1.34421,['15.0/24', '57.0/62', '11.0/18', '1.0/4', '1.0/2']
0.7,0.972727,0.177295,1.33287,['20.0/27', '50.0/56', '0.0/15', '5.0/9', '2.0/3']
0.6,0.927273,0.228353,1.35217,['2.0/26', '62.0/63', '0.0/16', '1.0/3', '1.0/2']
0.781818,0.945454,0.186793,1.3089,['16.0/22', '65.0/67', '2.0/13', '2.0/6', '1.0/2']
0.7,0.936364,0.175549,1.31881,['16.0/23', '55.0/64', '0.0/13', '4.0/8', '2.0/2']
0.736364,0.881818,0.208493,1.36646,['7.0/22', '62.0/70', '5.0/9', '3.0/4', '4.0/5']
0.672727,0.972727,0.178698,1.35034,['25.0/28', '40.0/59', '2.0/12', '4.0/7', '3.0/4']
0.681818,0.927273,0.202956,1.37912,['17.0/27', '44.0/56', '5.0/14', '5.0/8', '4.0/5']
0.736364,0.972727,0.195993,1.33634,['22.0/32', '53.0/55', '2.0/12', '2.0/8', '2.0/3']
0.645455,0.909091,0.197427,1.34823,['20.0/26', '43.0/53', '3.0/22', '4.0/7', '1.0/2']
0.727273,0.954545,0.18572,1.34398,['14.0/23', '65.0/67', '0.0/13', '1.0/6', '0.0/1']
0.681818,0.936364,0.202979,1.38582,['24.0/29', '43.0/56', '2.0/16', '1.0/4', '5.0/5']
0.718182,0.936364,0.188075,1.33842,['14.0/24', '59.0/61', '1.0/14', '2.0/7', '3.0/4']
0.7,0.936364,0.203473,1.29925,['8.0/26', '63.0/65', '0.0/9', '5.0/9', '1.0/1']
0.781818,0.945454,0.162422,1.30761,['20.0/27', '59.0/65', '3.0/8', '2.0/5', '2.0/5']
0.727273,0.945454,0.193891,1.27251,['8.0/21', '67.0/67', '0.0/15', '4.0/5', '1.0/2']
0.790909,0.963636,0.174134,1.32203,['24.0/32', '58.0/62', '0.0/11', '1.0/1', '4.0/4']
0.709091,0.954545,0.191243,1.32933,['12.0/21', '60.0/67', '4.0/13', '0.0/6', '2.0/3']
0.809091,0.981818,0.16118,1.31799,['13.0/26', '66.0/69', '4.0/9', '4.0/4', '2.0/2']
0.736364,0.927273,0.198009,1.32717,['16.0/20', '58.0/65', '4.0/19', '2.0/2', '1.0/4']
0.754545,0.918182,0.196156,1.34162,['12.0/19', '55.0/64', '8.0/16', '6.0/9', '2.0/2']
0.690909,0.9,0.216458,1.35664,['9.0/29', '56.0/59', '6.0/10', '2.0/9', '3.0/3']
0.645455,0.927273,0.208762,1.35811,['3.0/20', '59.0/62', '3.0/15', '2.0/8', '4.0/5']
0.7,0.909091,0.187891,1.35685,['16.0/23', '48.0/54', '4.0/19', '8.0/11', '1.0/3']
0.7,0.909091,0.191638,1.34073,['15.0/26', '60.0/66', '1.0/11', '0.0/4', '1.0/3']
0.709091,0.963636,0.182769,1.32548,['18.0/20', '52.0/63', '4.0/20', '3.0/5', '1.0/2']
0.636364,0.945454,0.202039,1.30404,['10.0/30', '57.0/63', '0.0/10', '1.0/4', '2.0/3']
0.754545,0.936364,0.171377,1.32371,['16.0/23', '56.0/62', '8.0/19', '1.0/4', '2.0/2']
0.7,0.945454,0.175538,1.33529,['20.0/26', '47.0/55', '2.0/16', '6.0/10', '2.0/3']
0.7,0.918182,0.192495,1.35255,['17.0/25', '55.0/65', '2.0/15', '2.0/3', '1.0/2']
0.790909,0.954545,0.181144,1.30289,['19.0/24', '61.0/66', '3.0/13', '2.0/5', '2.0/2']
0.727273,0.927273,0.167059,1.30253,['18.0/25', '54.0/63', '0.0/12', '6.0/8', '2.0/2']
0.772727,0.927273,0.188041,1.3419,['14.0/18', '59.0/72', '5.0/9', '3.0/6', '4.0/5']
0.754545,0.972727,0.168399,1.33559,['23.0/27', '47.0/61', '5.0/12', '5.0/6', '3.0/4']
0.7,0.9,0.196922,1.36197,['19.0/28', '45.0/56', '6.0/12', '5.0/9', '2.0/5']
0.8,0.972727,0.175076,1.30101,['28.0/34', '50.0/53', '5.0/12', '3.0/8', '2.0/3']
0.7,0.909091,0.199785,1.33249,['14.0/27', '51.0/55', '8.0/20', '3.0/6', '1.0/2']
0.754545,0.918182,0.187548,1.34181,['14.0/22', '65.0/68', '3.0/14', '1.0/5', '0.0/1']
0.727273,0.9,0.187744,1.3262,['25.0/30', '47.0/56', '2.0/16', '1.0/3', '5.0/5']
0.7,0.909091,0.179506,1.30264,['16.0/23', '54.0/62', '0.0/14', '4.0/7', '3.0/4']
0.736364,0.936364,0.176814,1.28893,['15.0/30', '57.0/58', '3.0/11', '5.0/10', '1.0/1']
0.754545,0.936364,0.163779,1.29891,['17.0/23', '58.0/68', '2.0/8', '2.0/6', '4.0/5']
0.736364,0.909091,0.170392,1.27691,['12.0/22', '64.0/64', '0.0/15', '4.0/7', '1.0/2']
0.8,0.972727,0.174646,1.30074,['25.0/30', '58.0/65', '1.0/11', '1.0/1', '3.0/3']
0.736364,0.981818,0.181243,1.3172,['15.0/23', '57.0/66', '5.0/13', '2.0/5', '2.0/3']
0.8,0.963636,0.173029,1.33816,['18.0/20', '61.0/72', '3.0/9', '4.0/7', '2.0/2']
0.727273,0.945454,0.178409,1.30278,['12.0/19', '60.0/63', '3.0/22', '2.0/2', '3.0/4']
0.8,0.963636,0.172134,1.30868,['18.0/18', '56.0/67', '7.0/14', '6.0/9', '1.0/2']
0.790909,0.963636,0.184835,1.31377,['16.0/27', '58.0/61', '4.0/10', '6.0/9', '3.0/3']
0.772727,0.890909,0.169692,1.3247,['20.0/22', '51.0/60', '4.0/16', '6.0/7', '4.0/5']
0.709091,0.890909,0.189448,1.35345,['15.0/17', '49.0/61', '3.0/18', '9.0/11', '2.0/3']
0.7,0.9,0.198438,1.32994,['13.0/27', '62.0/64', '1.0/12', '0.0/4', '1.0/3']
0.7,0.972727,0.202771,1.31769,['11.0/20', '60.0/64', '3.0/19', '2.0/5', '1.0/2']
0.681818,0.945454,0.189227,1.29085,['17.0/32', '57.0/60', '0.0/12', '1.0/3', '0.0/3']
0.681818,0.918182,0.179358,1.34192,['13.0/26', '53.0/60', '6.0/18', '1.0/4', '2.0/2']
0.7,0.972727,0.171673,1.32368,['19.0/30', '47.0/53', '4.0/16', '5.0/8', '2.0/3']
0.781818,0.954545,0.178098,1.31649,['22.0/27', '57.0/61', '2.0/16', '4.0/4', '1.0/2']
0.790909,0.945454,0.182959,1.3048,['17.0/22', '61.0/66', '6.0/15', '2.0/5', '1.0/2']
0.736364,0.954545,0.164679,1.31615,['17.0/25', '56.0/61', '1.0/14', '5.0/8', '2.0/2']
0.763636,0.936364,0.171593,1.31637,['12.0/21', '58.0/69', '6.0/11', '4.0/5', '4.0/4']
0.754545,0.963636,0.159244,1.31894,['22.0/27', '51.0/62', '4.0/10', '3.0/7', '3.0/4']
0.7,0.890909,0.200898,1.35172,['14.0/26', '51.0/55', '6.0/15', '3.0/9', '3.0/5']
0.754545,0.981818,0.170799,1.3046,['29.0/32', '47.0/55', '2.0/14', '3.0/6', '2.0/3']
0.681818,0.963636,0.196529,1.31973,['16.0/30', '50.0/53', '4.0/19', '4.0/6', '1.0/2']
0.754545,0.927273,0.183863,1.33087,['13.0/23', '68.0/69', '0.0/11', '2.0/6', '0.0/1']
0.772727,0.972727,0.17209,1.32444,['25.0/30', '51.0/55', '3.0/16', '1.0/4', '5.0/5']
0.645455,0.918182,0.175364,1.32064,['16.0/26', '45.0/57', '3.0/17', '4.0/6', '3.0/4']
0.763636,0.936364,0.180028,1.28343,['13.0/24', '62.0/63', '2.0/12', '6.0/10', '1.0/1']
0.754545,0.945454,0.162805,1.28541,['15.0/25', '58.0/64', '2.0/7', '3.0/7', '5.0/7']
0.763636,0.927273,0.172883,1.27186,['11.0/20', '66.0/67', '1.0/13', '5.0/7', '1.0/3']
0.818182,0.963636,0.184445,1.33752,['27.0/34', '55.0/62', '4.0/9', '1.0/1', '3.0/4']
0.781818,0.972727,0.179083,1.31217,['15.0/23', '62.0/68', '4.0/12', '3.0/4', '2.0/3']
0.718182,0.954545,0.18795,1.36221,['14.0/25', '54.0/70', '6.0/8', '4.0/5', '1.0/2']
0.727273,0.909091,0.17012,1.28917,['13.0/17', '57.0/64', '5.0/22', '2.0/2', '3.0/5']
0.809091,0.918182,0.170898,1.28773,['16.0/19', '61.0/63', '5.0/17', '6.0/9', '1.0/2']
0.681818,0.918182,0.210317,1.32373,['11.0/26', '59.0/60', '3.0/11', '0.0/10', '2.0/3']
0.763636,0.945454,0.166378,1.33136,['17.0/23', '54.0/59', '5.0/16', '3.0/7', '5.0/5']
0.727273,0.909091,0.176962,1.32157,['13.0/17', '54.0/60', '4.0/19', '8.0/11', '1.0/3']
0.736364,0.9,0.18708,1.32772,['23.0/26', '56.0/67', '1.0/10', '1.0/4', '0.0/3']
0.772727,0.945454,0.170329,1.29829,['14.0/18', '61.0/67', '6.0/18', '3.0/5', '1.0/2']
0.636364,0.936364,0.193725,1.30367,['9.0/32', '55.0/57', '2.0/13', '1.0/3', '3.0/5']
0.763636,0.927273,0.173054,1.30102,['17.0/24', '59.0/61', '5.0/19', '1.0/4', '2.0/2']
0.654545,0.954545,0.187121,1.30055,['13.0/25', '51.0/57', '1.0/16', '5.0/9', '2.0/3']
0.745455,0.936364,0.192029,1.32122,['15.0/27', '60.0/64', '3.0/14', '3.0/3', '1.0/2']
0.727273,0.954545,0.192146,1.32061,['19.0/25', '47.0/64', '11.0/14', '2.0/5', '1.0/2']
0.754545,0.963636,0.156402,1.29839,['17.0/26', '55.0/62', '3.0/12', '6.0/8', '2.0/2']
0.809091,0.945454,0.168984,1.32146,['15.0/22', '64.0/68', '5.0/10', '2.0/6', '3.0/4']
0.763636,0.945454,0.152343,1.30491,['22.0/28', '50.0/59', '4.0/12', '5.0/7', '3.0/4']
0.663636,0.909091,0.203648,1.34244,['10.0/26', '54.0/58', '3.0/12', '4.0/9', '2.0/5']
0.727273,0.972727,0.18569,1.29987,['27.0/34', '48.0/53', '2.0/13', '1.0/7', '2.0/3']
0.745455,0.918182,0.180564,1.32285,['17.0/24', '45.0/55', '15.0/21', '4.0/8', '1.0/2']
0.727273,0.945454,0.195557,1.31718,['10.0/22', '68.0/69', '0.0/12', '2.0/6', '0.0/1']
0.763636,0.954545,0.175719,1.32145,['23.0/28', '51.0/56', '5.0/16', '1.0/5', '4.0/5']
0.7,0.927273,0.173613,1.31237,['16.0/23', '51.0/59', '2.0/16', '5.0/8', '3.0/4']
0.772727,0.945454,0.177239,1.29119,['14.0/28', '62.0/64', '3.0/8', '5.0/9', '1.0/1']
0.781818,0.936364,0.15912,1.28785,['16.0/23', '61.0/68', '1.0/8', '3.0/5', '5.0/6']
0.745455,0.927273,0.177193,1.27842,['12.0/21', '63.0/65', '1.0/14', '5.0/7', '1.0/3']
0.754545,0.990909,0.1795,1.28827,['19.0/32', '60.0/65', '0.0/8', '1.0/1', '3.0/4']
0.754545,0.963636,0.168386,1.30105,['11.0/22', '61.0/65', '5.0/15', '3.0/5', '3.0/3']
0.790909,0.963636,0.163878,1.32398,['15.0/22', '62.0/72', '5.0/8', '4.0/6', '1.0/2']
0.754545,0.909091,0.169711,1.2932,['13.0/18', '61.0/67', '4.0/19', '2.0/2', '3.0/4']
0.690909,0.927273,0.178041,1.32743,['16.0/20', '45.0/60', '8.0/19', '6.0/9', '1.0/2']
0.790909,0.972727,0.171732,1.2925,['18.0/26', '55.0/59', '4.0/12', '7.0/10', '3.0/3']
0.781818,0.918182,0.170322,1.32853,['19.0/20', '48.0/61', '9.0/17', '5.0/7', '5.0/5']
0.590909,0.863636,0.23456,1.35703,['9.0/21', '55.0/55', '0.0/20', '1.0/11', '0.0/3']
0.736364,0.909091,0.206128,1.31797,['16.0/26', '64.0/65', '1.0/12', '0.0/4', '0.0/3']
0.727273,0.918182,0.193665,1.341,['9.0/20', '55.0/62', '11.0/21', '3.0/5', '2.0/2']
0.636364,0.936364,0.188518,1.30114,['10.0/32', '56.0/59', '0.0/12', '1.0/3', '3.0/4']
0.718182,0.927273,0.168278,1.3205,['17.0/25', '54.0/61', '5.0/18', '1.0/4', '2.0/2']
0.645454,0.954545,0.190637,1.32335,['16.0/26', '49.0/56', '0.0/17', '4.0/8', '2.0/3']
0.718182,0.945454,0.186973,1.32757,['18.0/27', '54.0/64', '2.0/13', '4.0/4', '1.0/2']
0.781818,0.945454,0.191662,1.29069,['12.0/23', '67.0/67', '4.0/13', '2.0/5', '1.0/2']
0.7,0.972727,0.168948,1.29975,['9.0/23', '59.0/63', '3.0/14', '4.0/8', '2.0/2']
0.818182,0.936364,0.15793,1.28354,['16.0/24', '61.0/67', '7.0/11', '3.0/4', '3.0/4']
0.718182,0.963636,0.175429,1.33168,['21.0/24', '46.0/66', '4.0/9', '5.0/7', '3.0/4']
0.727273,0.918182,0.199318,1.36049,['20.0/27', '38.0/54', '11.0/16', '6.0/8', '5.0/5']
0.763636,0.981818,0.170405,1.29821,['28.0/31', '51.0/56', '1.0/13', '2.0/7', '2.0/3']
0.672727,0.954545,0.182079,1.32065,['17.0/28', '42.0/53', '9.0/21', '5.0/6', '1.0/2']
0.736364,0.936364,0.184601,1.31725,['13.0/19', '67.0/70', '0.0/14', '1.0/6', '0.0/1']
0.718182,0.945454,0.18131,1.31744,['18.0/29', '52.0/56', '3.0/17', '1.0/3', '5.0/5']
0.709091,0.936364,0.176527,1.30287,['14.0/24', '54.0/59', '3.0/15', '4.0/8', '3.0/4']
0.8,0.945454,0.163117,1.29023,['16.0/23', '63.0/67', '3.0/10', '5.0/9', '1.0/1']
0.8,0.972727,0.146562,1.27189,['15.0/23', '59.0/65', '4.0/8', '4.0/7', '6.0/7']
0.763636,0.945454,0.173684,1.27347,['12.0/22', '65.0/67', '1.0/14', '5.0/5', '1.0/2']
0.727273,0.990909,0.182234,1.30972,['15.0/33', '60.0/62', '1.0/11', '1.0/1', '3.0/3']
0.8,0.963636,0.167458,1.30598,['15.0/23', '63.0/65', '4.0/13', '3.0/6', '3.0/3']
0.8,0.972727,0.162517,1.32639,['17.0/23', '59.0/71', '7.0/9', '4.0/5', '1.0/2']
0.736364,0.918182,0.167119,1.30052,['13.0/15', '57.0/69', '6.0/19', '2.0/2', '3.0/5']
0.763636,0.963636,0.164765,1.29049,['16.0/19', '52.0/64', '9.0/17', '6.0/8', '1.0/2']
0.8,0.981818,0.18013,1.2868,['15.0/26', '60.0/60', '3.0/12', '7.0/9', '3.0/3']
0.809091,0.936364,0.165382,1.3159,['16.0/21', '60.0/61', '5.0/15', '3.0/8', '5.0/5']
0.745455,0.936364,0.181974,1.33568,['13.0/19', '54.0/58', '5.0/19', '9.0/11', '1.0/3']
0.718182,0.909091,0.200087,1.32287,['15.0/26', '63.0/67', '0.0/11', '1.0/4', '0.0/2']
0.745455,0.963636,0.175433,1.28973,['12.0/20', '58.0/64', '8.0/19', '3.0/5', '1.0/2']
0.763636,0.963636,0.169412,1.28295,['23.0/32', '58.0/60', '0.0/12', '1.0/3', '2.0/3']
0.809091,0.963636,0.162884,1.2969,['18.0/25', '57.0/61', '11.0/18', '1.0/4', '2.0/2']
0.663636,0.954545,0.171542,1.32038,['15.0/24', '49.0/57', '1.0/17', '6.0/9', '2.0/3']
0.7,0.945454,0.18437,1.31716,['18.0/28', '54.0/60', '2.0/16', '1.0/4', '2.0/2']
0.790909,0.972727,0.164525,1.26845,['19.0/22', '62.0/67', '3.0/13', '2.0/7', '1.0/1']
0.754545,0.972727,0.161739,1.28801,['13.0/24', '60.0/64', '3.0/12', '5.0/8', '2.0/2']
0.818182,0.936364,0.169668,1.29829,['12.0/20', '66.0/71', '5.0/11', '3.0/4', '4.0/4']
0.781818,0.945454,0.151405,1.28548,['20.0/28', '56.0/59', '4.0/13', '3.0/6', '3.0/4']
0.709091,0.927273,0.194852,1.35102,['17.0/29', '45.0/56', '8.0/12', '5.0/8', '3.0/5']
0.790909,0.990909,0.163987,1.29595,['28.0/34', '50.0/54', '3.0/12', '4.0/7', '2.0/3']
0.645455,0.954545,0.184392,1.31203,['17.0/24', '45.0/53', '5.0/24', '3.0/7', '1.0/2']
0.7,0.945454,0.180825,1.32869,['11.0/25', '61.0/64', '2.0/14', '2.0/6', '1.0/1']
0.736364,0.945454,0.172346,1.32883,['26.0/30', '43.0/56', '5.0/16', '2.0/3', '5.0/5']
0.690909,0.918182,0.177032,1.30656,['13.0/22', '55.0/59', '0.0/16', '5.0/9', '3.0/4']
0.763636,0.945454,0.185466,1.30594,['18.0/26', '58.0/64', '3.0/10', '4.0/9', '1.0/1']
0.8,0.954545,0.151526,1.26772,['18.0/23', '59.0/66', '3.0/10', '3.0/6', '5.0/5']
0.709091,0.936364,0.169353,1.26712,['9.0/23', '62.0/64', '2.0/13', '4.0/7', '1.0/3']
0.754545,0.972727,0.17438,1.30214,['18.0/32', '58.0/63', '2.0/10', '1.0/1', '4.0/4']
0.763636,0.954545,0.172223,1.31758,['13.0/23', '55.0/64', '10.0/14', '3.0/6', '3.0/3']
0.790909,0.972727,0.161907,1.32041,['15.0/22', '62.0/71', '5.0/9', '4.0/6', '1.0/2']
0.763636,0.936364,0.161673,1.28908,['13.0/15', '61.0/69', '5.0/19', '2.0/2', '3.0/5']
0.781818,0.918182,0.172966,1.27839,['14.0/20', '58.0/61', '6.0/18', '6.0/8', '2.0/3']
0.781818,0.963636,0.191859,1.29562,['13.0/27', '59.0/60', '4.0/10', '7.0/10', '3.0/3']
0.790909,0.945454,0.161478,1.31249,['15.0/21', '57.0/61', '4.0/16', '6.0/7', '5.0/5']
0.745455,0.918182,0.180698,1.33636,['14.0/21', '49.0/57', '8.0/18', '9.0/11', '2.0/3']
0.772727,0.918182,0.1833,1.32311,['20.0/27', '63.0/66', '2.0/9', '0.0/5', '0.0/3']
0.727273,0.963636,0.180167,1.29042,['13.0/20', '58.0/64', '5.0/19', '3.0/5', '1.0/2']
0.663636,0.936364,0.17818,1.28608,['15.0/32', '53.0/58', '0.0/12', '3.0/4', '2.0/4']
0.754545,0.963636,0.170565,1.28104,['16.0/25', '56.0/60', '8.0/19', '1.0/4', '2.0/2']
0.727273,0.972727,0.170547,1.29584,['15.0/28', '51.0/55', '5.0/16', '7.0/8', '2.0/3']
0.754545,0.945454,0.171965,1.31142,['20.0/26', '56.0/64', '4.0/15', '2.0/3', '1.0/2']
0.836364,0.972727,0.161403,1.2672,['20.0/23', '63.0/66', '5.0/14', '2.0/5', '2.0/2']
0.754545,0.981818,0.15657,1.28752,['18.0/26', '57.0/62', '1.0/12', '5.0/8', '2.0/2']
0.754545,0.954545,0.168502,1.30145,['14.0/22', '58.0/68', '6.0/10', '2.0/6', '3.0/4']
0.827273,0.981818,0.144718,1.29754,['22.0/27', '55.0/61', '5.0/12', '5.0/6', '4.0/4']
0.7,0.881818,0.196594,1.31952,['16.0/27', '52.0/55', '3.0/15', '4.0/8', '2.0/5']
0.781818,0.990909,0.156551,1.30097,['28.0/32', '47.0/53', '4.0/14', '4.0/8', '3.0/3']
0.754545,0.954545,0.163887,1.30514,['19.0/25', '46.0/53', '13.0/22', '4.0/8', '1.0/2']
0.781818,0.963636,0.178826,1.32572,['15.0/23', '65.0/67', '5.0/14', '1.0/5', '0.0/1']
0.718182,0.936364,0.173518,1.30398,['20.0/29', '51.0/56', '2.0/15', '2.0/5', '4.0/5']
0.709091,0.909091,0.177364,1.30707,['16.0/23', '51.0/61', '3.0/15', '5.0/7', '3.0/4']
0.781818,0.936364,0.156411,1.27691,['17.0/24', '58.0/64', '5.0/11', '5.0/10', '1.0/1']
0.827273,0.954545,0.148506,1.27405,['19.0/26', '58.0/65', '4.0/8', '4.0/5', '6.0/6']
0.718182,0.927273,0.173315,1.27311,['9.0/21', '61.0/64', '2.0/13', '6.0/9', '1.0/3']
0.672727,0.963636,0.191037,1.30825,['10.0/33', '58.0/62', '1.0/10', '1.0/1', '4.0/4']
0.7,0.963636,0.18053,1.31075,['12.0/24', '55.0/62', '5.0/16', '3.0/5', '2.0/3']
0.790909,0.954545,0.1615,1.31169,['17.0/22', '60.0/70', '5.0/10', '4.0/6', '1.0/2']
0.8,0.936364,0.163469,1.29449,['13.0/19', '62.0/67', '8.0/18', '2.0/2', '3.0/4']
0.8,0.945454,0.161901,1.27687,['16.0/19', '59.0/64', '5.0/17', '6.0/7', '2.0/3']
0.790909,0.972727,0.161017,1.26502,['19.0/26', '56.0/61', '3.0/11', '6.0/9', '3.0/3']
0.772727,0.954545,0.166469,1.29599,['13.0/21', '58.0/60', '3.0/17', '6.0/7', '5.0/5']
0.718182,0.918182,0.184471,1.32756,['15.0/22', '52.0/55', '4.0/18', '8.0/12', '0.0/3']
0.736364,0.918182,0.172998,1.31437,['18.0/24', '60.0/65', '2.0/14', '0.0/4', '1.0/3']
0.7,0.945454,0.182459,1.31728,['13.0/18', '48.0/65', '12.0/19', '3.0/6', '1.0/2']
0.672727,0.945454,0.190445,1.29145,['8.0/31', '59.0/61', '2.0/9', '1.0/4', '4.0/5']
0.709091,0.936364,0.200788,1.30129,['11.0/25', '60.0/61', '5.0/18', '0.0/4', '2.0/2']
0.645455,0.909091,0.183538,1.33062,['11.0/28', '46.0/52', '5.0/18', '7.0/9', '2.0/3']
0.772727,0.927273,0.187894,1.31964,['13.0/26', '60.0/64', '8.0/15', '2.0/3', '2.0/2']
0.790909,0.981818,0.169702,1.30019,['19.0/23', '58.0/68', '6.0/12', '3.0/5', '1.0/2']
0.727273,0.954545,0.15847,1.28582,['18.0/25', '53.0/63', '2.0/12', '5.0/8', '2.0/2']
0.818182,0.945454,0.156263,1.27875,['16.0/19', '63.0/71', '3.0/9', '4.0/6', '4.0/5']
0.818182,0.972727,0.146551,1.28618,['25.0/31', '54.0/59', '4.0/10', '4.0/6', '3.0/4']
0.790909,0.936364,0.181966,1.32824,['21.0/28', '52.0/58', '5.0/11', '6.0/8', '3.0/5']
0.754545,0.972727,0.179922,1.30544,['21.0/33', '53.0/53', '3.0/13', '4.0/8', '2.0/3']
0.763636,0.927273,0.177948,1.31454,['18.0/27', '50.0/54', '11.0/20', '4.0/7', '1.0/2']
0.809091,0.972727,0.165394,1.30813,['14.0/22', '67.0/68', '4.0/14', '3.0/5', '1.0/1']
0.727273,0.945454,0.182213,1.29639,['17.0/30', '53.0/56', '3.0/15', '2.0/4', '5.0/5']
0.718182,0.918182,0.172441,1.30996,['12.0/23', '55.0/61', '4.0/15', '5.0/7', '3.0/4']
0.781818,0.918182,0.162381,1.29405,['19.0/28', '56.0/61', '4.0/11', '6.0/9', '1.0/1']
0.854545,0.963636,0.146628,1.26524,['19.0/24', '63.0/66', '2.0/10', '4.0/4', '6.0/6']
0.8,0.963636,0.158121,1.27093,['14.0/19', '64.0/68', '4.0/13', '5.0/8', '1.0/2']
0.818182,0.972727,0.175089,1.30536,['26.0/33', '55.0/63', '5.0/10', '1.0/1', '3.0/3']
0.718182,0.972727,0.169037,1.2928,['18.0/24', '52.0/63', '4.0/15', '3.0/5', '2.0/3']
0.781818,0.981818,0.168102,1.33149,['15.0/23', '61.0/69', '4.0/10', '4.0/6', '2.0/2']
0.754545,0.945454,0.17181,1.30782,['14.0/17', '56.0/67', '7.0/20', '2.0/2', '4.0/4']
0.745455,0.963636,0.155382,1.27352,['10.0/18', '56.0/64', '9.0/18', '6.0/8', '1.0/2']
0.709091,0.963636,0.199845,1.28941,['5.0/28', '60.0/60', '4.0/10', '6.0/9', '3.0/3']
0.818182,0.972727,0.148462,1.29649,['18.0/21', '53.0/60', '7.0/16', '7.0/8', '5.0/5']
0.727273,0.9,0.18313,1.31612,['14.0/18', '52.0/58', '4.0/19', '8.0/12', '2.0/3']
0.736364,0.936364,0.199578,1.30916,['14.0/26', '67.0/68', '0.0/9', '0.0/4', '0.0/3']
0.754545,0.954545,0.183796,1.28421,['11.0/17', '64.0/67', '4.0/18', '3.0/6', '1.0/2']
0.7,0.945454,0.177206,1.29916,['13.0/29', '57.0/64', '2.0/10', '2.0/4', '3.0/3']
0.781818,0.963636,0.16521,1.29791,['15.0/24', '55.0/61', '13.0/19', '1.0/4', '2.0/2']
0.727273,0.954545,0.163315,1.29735,['15.0/27', '52.0/56', '4.0/14', '7.0/10', '2.0/3']
0.763636,0.954545,0.178115,1.32308,['21.0/26', '54.0/63', '5.0/15', '2.0/4', '2.0/2']
0.809091,0.972727,0.160797,1.27436,['20.0/22', '61.0/66', '5.0/15', '2.0/6', '1.0/1']
0.790909,0.972727,0.153773,1.28444,['20.0/25', '57.0/60', '3.0/15', '5.0/8', '2.0/2']
0.836364,0.936364,0.157769,1.28671,['15.0/20', '65.0/71', '6.0/9', '3.0/5', '3.0/5']
0.781818,0.954545,0.140086,1.28125,['21.0/26', '53.0/63', '5.0/10', '4.0/7', '3.0/4']
0.709091,0.909091,0.181881,1.32129,['15.0/25', '51.0/56', '4.0/16', '5.0/8', '3.0/5']
0.754545,0.954545,0.161599,1.27501,['27.0/35', '47.0/51', '3.0/14', '4.0/7', '2.0/3']
0.727273,0.945454,0.168891,1.30412,['19.0/26', '48.0/53', '7.0/21', '5.0/8', '1.0/2']
0.690909,0.918182,0.186915,1.33145,['12.0/22', '61.0/70', '2.0/11', '1.0/6', '0.0/1']
0.781818,0.972727,0.158358,1.28986,['20.0/29', '53.0/57', '6.0/15', '2.0/4', '5.0/5']
0.736364,0.936364,0.166804,1.30338,['17.0/24', '53.0/60', '3.0/15', '4.0/7', '4.0/4']
0.790909,0.927273,0.165493,1.28653,['15.0/24', '61.0/62', '5.0/13', '5.0/10', '1.0/1']
0.8,0.954545,0.148656,1.28042,['17.0/23', '60.0/67', '3.0/9', '2.0/5', '6.0/6']
0.763636,0.954545,0.164531,1.27353,['12.0/20', '67.0/69', '0.0/13', '4.0/6', '1.0/2']
0.763636,0.990909,0.180912,1.29984,['19.0/33', '58.0/63', '2.0/9', '1.0/1', '4.0/4']
0.718182,0.954545,0.169999,1.31348,['17.0/27', '53.0/61', '3.0/14', '4.0/5', '2.0/3']
0.8,0.945454,0.157944,1.30966,['15.0/24', '60.0/68', '6.0/10', '6.0/6', '1.0/2']
0.790909,0.954545,0.148087,1.26859,['14.0/18', '63.0/67', '4.0/19', '2.0/2', '4.0/4']
0.772727,0.963636,0.160553,1.28726,['12.0/20', '59.0/63', '6.0/16', '6.0/8', '2.0/3']
0.818182,0.972727,0.15858,1.28151,['19.0/26', '56.0/59', '5.0/12', '7.0/10', '3.0/3']
0.790909,0.954545,0.151334,1.27947,['15.0/21', '58.0/61', '3.0/16', '6.0/7', '5.0/5']
0.727273,0.909091,0.180148,1.3332,['16.0/24', '49.0/54', '4.0/18', '9.0/11', '2.0/3']
0.727273,0.918182,0.187933,1.32041,['18.0/26', '61.0/65', '0.0/12', '1.0/4', '0.0/3']
0.718182,0.936364,0.175455,1.31636,['19.0/20', '44.0/66', '12.0/17', '3.0/5', '1.0/2']
0.718182,0.936364,0.17827,1.28858,['11.0/30', '60.0/62', '2.0/9', '1.0/4', '5.0/5']
0.781818,0.954545,0.156658,1.27657,['19.0/27', '57.0/58', '9.0/19', '0.0/4', '1.0/2']
0.7,0.954545,0.170171,1.29735,['13.0/26', '54.0/56', '2.0/17', '6.0/8', '2.0/3']
0.763636,0.954545,0.178994,1.31533,['25.0/27', '53.0/64', '3.0/14', '2.0/3', '1.0/2']
0.781818,0.963636,0.161432,1.2754,['19.0/22', '58.0/66', '6.0/14', '2.0/7', '1.0/1']
0.763636,0.972727,0.156886,1.29422,['17.0/24', '56.0/63', '3.0/13', '6.0/8', '2.0/2']
0.809091,0.927273,0.149726,1.28035,['14.0/24', '62.0/67', '6.0/10', '3.0/5', '4.0/4']
0.8,0.954545,0.149293,1.28941,['25.0/30', '53.0/58', '3.0/12', '4.0/6', '3.0/4']
0.718182,0.909091,0.184299,1.33334,['17.0/27', '45.0/55', '8.0/15', '6.0/9', '3.0/4']
0.827273,0.990909,0.14945,1.28886,['27.0/34', '49.0/53', '9.0/14', '4.0/6', '2.0/3']
0.718182,0.936364,0.176628,1.30525,['18.0/27', '49.0/54', '8.0/21', '3.0/6', '1.0/2']
0.690909,0.927273,0.207114,1.32367,['7.0/24', '67.0/67', '0.0/12', '1.0/6', '1.0/1']
0.763636,0.963636,0.167767,1.29405,['20.0/29', '52.0/56', '5.0/16', '2.0/4', '5.0/5']
0.745455,0.945454,0.179085,1.31287,['18.0/24', '54.0/59', '4.0/16', '3.0/7', '3.0/4']
0.8,0.936364,0.169229,1.28836,['21.0/29', '59.0/60', '3.0/10', '4.0/10', '1.0/1']
0.809091,0.954545,0.151457,1.26864,['19.0/24', '61.0/66', '2.0/9', '2.0/4', '5.0/7']
0.736364,0.972727,0.164859,1.27099,['12.0/20', '64.0/67', '0.0/14', '4.0/6', '1.0/3']
0.718182,0.972727,0.188491,1.29526,['11.0/31', '62.0/64', '1.0/10', '1.0/1', '4.0/4']
0.763636,0.972727,0.160282,1.28575,['16.0/24', '57.0/64', '6.0/15', '2.0/4', '3.0/3']
0.790909,0.945454,0.173593,1.32099,['14.0/21', '58.0/70', '9.0/10', '5.0/7', '1.0/2']
0.781818,0.945454,0.173076,1.30909,['15.0/18', '57.0/67', '9.0/18', '2.0/2', '3.0/5']
0.790909,0.918182,0.167008,1.27887,['15.0/17', '59.0/65', '5.0/17', '6.0/8', '2.0/3']
0.763636,0.981818,0.176206,1.28148,['15.0/26', '58.0/60', '1.0/11', '7.0/10', '3.0/3']
0.790909,0.963636,0.158173,1.30173,['15.0/21', '53.0/60', '8.0/16', '6.0/8', '5.0/5']
0.7,0.890909,0.186638,1.32967,['14.0/22', '51.0/56', '4.0/18', '8.0/11', '0.0/3']
0.745455,0.918182,0.187683,1.31166,['16.0/27', '63.0/66', '1.0/11', '1.0/4', '1.0/2']
0.745455,0.936364,0.172443,1.2943,['9.0/18', '58.0/66', '11.0/18', '3.0/6', '1.0/2']
0.754545,0.963636,0.161942,1.28599,['17.0/30', '57.0/62', '4.0/10', '1.0/3', '4.0/5']
0.781818,0.945455,0.173616,1.28516,['14.0/25', '61.0/62', '8.0/17', '1.0/4', '2.0/2']
0.690909,0.963636,0.17541,1.30039,['15.0/27', '50.0/55', '3.0/17', '6.0/8', '2.0/3']
0.745455,0.936364,0.170088,1.31061,['21.0/29', '55.0/62', '4.0/14', '1.0/3', '1.0/2']
0.818182,0.972727,0.16241,1.27303,['19.0/24', '62.0/65', '5.0/14', '2.0/5', '2.0/2']
0.736364,0.963636,0.151208,1.283,['17.0/25', '56.0/63', '1.0/12', '5.0/8', '2.0/2']
0.790909,0.945454,0.157473,1.2797,['11.0/21', '63.0/71', '6.0/9', '3.0/5', '4.0/4']
0.809091,0.990909,0.143248,1.28599,['21.0/27', '53.0/61', '6.0/12', '5.0/6', '4.0/4']
0.709091,0.918182,0.189667,1.32684,['15.0/27', '48.0/56', '6.0/13', '5.0/9', '4.0/5']
0.836364,0.990909,0.146921,1.2856,['30.0/35', '49.0/53', '6.0/12', '5.0/7', '2.0/3']
0.754545,0.945454,0.172004,1.3016,['21.0/30', '45.0/51', '13.0/22', '3.0/5', '1.0/2']
0.754545,0.945454,0.183065,1.31221,['12.0/22', '66.0/69', '2.0/12', '2.0/6', '1.0/1']
0.718182,0.981818,0.168785,1.28737,['17.0/28', '52.0/55', '3.0/18', '2.0/4', '5.0/5']
0.709091,0.918182,0.176068,1.31783,['17.0/23', '49.0/60', '5.0/16', '3.0/7', '4.0/4']
0.836364,0.945454,0.157032,1.27771,['21.0/26', '59.0/61', '5.0/12', '6.0/10', '1.0/1']
0.809091,0.963636,0.141787,1.26143,['20.0/28', '58.0/63', '2.0/8', '4.0/5', '5.0/6']
0.818182,0.963636,0.158254,1.27425,['14.0/19', '65.0/68', '4.0/14', '6.0/7', '1.0/2']
0.763636,0.981818,0.149409,1.26929,['19.0/31', '59.0/65', '2.0/10', '1.0/1', '3.0/3']
0.754545,0.972727,0.166858,1.29659,['16.0/22', '57.0/65', '6.0/15', '1.0/5', '3.0/3']
0.818182,0.981818,0.150339,1.30696,['19.0/25', '62.0/70', '4.0/9', '4.0/4', '1.0/2']
0.690909,0.963636,0.178732,1.31835,['13.0/17', '48.0/67', '10.0/19', '2.0/2', '3.0/5']
0.781818,0.918182,0.161811,1.27881,['15.0/18', '55.0/65', '10.0/17', '6.0/8', '0.0/2']
0.809091,0.963636,0.16906,1.26564,['18.0/27', '58.0/60', '3.0/10', '7.0/10', '3.0/3']
0.818182,0.954545,0.155649,1.29169,['16.0/20', '57.0/60', '6.0/17', '6.0/8', '5.0/5']
0.718182,0.909091,0.177124,1.32884,['10.0/20', '55.0/58', '3.0/18', '9.0/11', '2.0/3']
0.672727,0.954545,0.20819,1.32459,['12.0/26', '61.0/64', '1.0/14', '0.0/4', '0.0/2']
0.754545,0.945454,0.176691,1.30733,['13.0/17', '59.0/65', '7.0/20', '3.0/6', '1.0/2']
0.754545,0.954545,0.16478,1.27698,['14.0/27', '61.0/63', '3.0/11', '1.0/4', '4.0/5']
0.827273,0.981818,0.149227,1.28282,['21.0/25', '59.0/62', '8.0/17', '1.0/4', '2.0/2']
0.663636,0.927273,0.184662,1.32221,['19.0/26', '48.0/56', '1.0/16', '3.0/9', '2.0/3']
0.736364,0.936364,0.18362,1.32076,['16.0/28', '56.0/64', '4.0/13', '3.0/3', '2.0/2']
0.809091,0.954545,0.171777,1.27978,['19.0/20', '61.0/68', '6.0/14', '2.0/7', '1.0/1']
0.809091,0.981818,0.145272,1.2796,['18.0/23', '59.0/63', '5.0/14', '5.0/8', '2.0/2']
0.809091,0.936364,0.166518,1.29281,['16.0/24', '60.0/68', '6.0/9', '3.0/5', '4.0/4']
0.818182,0.981818,0.150193,1.27756,['19.0/25', '57.0/62', '4.0/12', '6.0/7', '4.0/4']
0.736364,0.909091,0.18311,1.32413,['15.0/26', '47.0/56', '8.0/15', '7.0/8', '4.0/5']
0.790909,1.0,0.18122,1.31321,['17.0/31', '57.0/57', '7.0/13', '3.0/6', '3.0/3']
0.636364,0.927273,0.190234,1.31429,['12.0/27', '48.0/53', '7.0/23', '2.0/5', '1.0/2']
0.718182,0.936364,0.192015,1.33388,['10.0/22', '66.0/70', '1.0/12', '1.0/5', '1.0/1']
0.736364,0.972727,0.167132,1.3075,['26.0/31', '43.0/54', '7.0/16', '1.0/4', '4.0/5']
0.681818,0.9,0.178113,1.30853,['14.0/21', '53.0/62', '1.0/15', '5.0/8', '2.0/4']
0.772727,0.945454,0.15078,1.26688,['19.0/27', '57.0/62', '4.0/11', '4.0/9', '1.0/1']
0.845455,0.963636,0.142574,1.27161,['22.0/26', '58.0/64', '3.0/8', '4.0/5', '6.0/7']
0.763636,0.954545,0.160547,1.2695,['14.0/21', '62.0/67', '1.0/14', '6.0/6', '1.0/2']
0.827273,0.972727,0.155333,1.28378,['28.0/31', '57.0/65', '1.0/9', '1.0/1', '4.0/4']
0.745454,0.963636,0.174372,1.29091,['18.0/26', '58.0/63', '1.0/13', '3.0/5', '2.0/3']
0.736364,0.954545,0.189024,1.3145,['7.0/25', '65.0/69', '3.0/9', '4.0/5', '2.0/2']
0.745455,0.945454,0.180618,1.32292,['11.0/16', '55.0/68', '10.0/19', '2.0/2', '4.0/5']
0.736364,0.954545,0.176424,1.30356,['15.0/19', '50.0/66', '10.0/16', '6.0/7', '0.0/2']
0.781818,0.963636,0.16374,1.27689,['18.0/27', '54.0/60', '4.0/10', '7.0/10', '3.0/3']
0.763636,0.936364,0.159246,1.31026,['14.0/19', '53.0/62', '5.0/16', '7.0/8', '5.0/5']
0.772727,0.890909,0.179194,1.32326,['16.0/20', '55.0/58', '3.0/17', '9.0/12', '2.0/3']
0.754545,0.9,0.200717,1.31028,['16.0/25', '67.0/68', '0.0/10', '0.0/5', '0.0/2']
0.736364,0.954545,0.166532,1.29354,['15.0/21', '54.0/61', '8.0/21', '3.0/5', '1.0/2']
0.718182,0.963636,0.172603,1.27352,['16.0/30', '58.0/61', '0.0/12', '1.0/3', '4.0/4']
0.772727,0.972727,0.152528,1.28309,['17.0/26', '55.0/61', '11.0/17', '1.0/4', '1.0/2']
0.690909,0.972727,0.159538,1.30143,['13.0/26', '50.0/55', '4.0/17', '7.0/9', '2.0/3']
0.727273,0.927273,0.193215,1.3036,['16.0/27', '61.0/63', '0.0/15', '2.0/3', '1.0/2']
0.8,0.972727,0.17076,1.28383,['19.0/23', '62.0/66', '3.0/14', '3.0/6', '1.0/1']
0.763636,0.963636,0.155243,1.28949,['18.0/22', '57.0/65', '2.0/13', '5.0/8', '2.0/2']
0.818182,0.936364,0.169112,1.31747,['15.0/22', '61.0/69', '6.0/10', '4.0/5', '4.0/4']
0.636364,0.909091,0.201394,1.35954,['14.0/28', '44.0/60', '7.0/12', '1.0/6', '4.0/4']
0.681818,0.890909,0.200366,1.34109,['17.0/27', '47.0/56', '5.0/14', '3.0/9', '3.0/4']
0.736364,0.990909,0.198202,1.3189,['29.0/32', '45.0/55', '5.0/12', '0.0/8', '2.0/3']
0.690909,0.936364,0.183379,1.33042,['20.0/26', '34.0/52', '16.0/22', '5.0/8', '1.0/2']
0.772727,0.936364,0.170622,1.32209,['16.0/24', '64.0/68', '2.0/12', '2.0/5', '1.0/1']
0.7,0.954545,0.189223,1.33363,['19.0/28', '47.0/57', '5.0/17', '1.0/3', '5.0/5']
0.718182,0.909091,0.166117,1.30115,['19.0/23', '51.0/59', '2.0/16', '4.0/8', '3.0/4']
0.827273,0.936364,0.162796,1.27519,['23.0/26', '59.0/63', '3.0/10', '5.0/10', '1.0/1']
0.8,0.954545,0.153955,1.2791,['21.0/27', '58.0/64', '2.0/8', '2.0/6', '5.0/5']
0.727273,0.918182,0.173373,1.2714,['12.0/23', '63.0/65', '0.0/14', '4.0/6', '1.0/2']
0.745455,1.0,0.180171,1.2768,['14.0/32', '62.0/65', '1.0/8', '1.0/1', '4.0/4']
0.7,0.954545,0.175567,1.30199,['12.0/22', '54.0/68', '5.0/12', '4.0/5', '2.0/3']
0.836364,0.981818,0.161059,1.30431,['14.0/24', '65.0/69', '8.0/11', '4.0/4', '1.0/2']
0.781818,0.954545,0.156397,1.28438,['14.0/17', '59.0/68', '8.0/19', '2.0/2', '3.0/4']
0.827273,0.972727,0.163385,1.28054,['14.0/20', '59.0/63', '10.0/17', '6.0/7', '2.0/3']
0.827273,0.981818,0.162562,1.2722,['18.0/26', '55.0/60', '8.0/11', '7.0/10', '3.0/3']
0.818182,0.936364,0.161127,1.29713,['17.0/20', '59.0/61', '3.0/16', '6.0/8', '5.0/5']
0.736364,0.927273,0.167974,1.31822,['12.0/21', '51.0/56', '6.0/20', '9.0/10', '3.0/3']
0.754545,0.936364,0.17376,1.31219,['17.0/25', '62.0/67', '3.0/11', '0.0/4', '1.0/3']
0.772727,0.954545,0.16817,1.28729,['14.0/22', '57.0/63', '10.0/18', '3.0/5', '1.0/2']
0.672727,0.936364,0.190865,1.28843,['11.0/30', '58.0/61', '2.0/11', '1.0/4', '2.0/4']
0.772727,0.945454,0.170193,1.28247,['14.0/26', '57.0/60', '11.0/18', '1.0/4', '2.0/2']
0.663636,0.990909,0.177626,1.3076,['12.0/27', '50.0/55', '4.0/17', '5.0/8', '2.0/3']
0.727273,0.945454,0.177214,1.29591,['16.0/28', '56.0/61', '4.0/16', '2.0/3', '2.0/2']
0.827273,0.972727,0.15861,1.26747,['17.0/22', '65.0/67', '6.0/14', '2.0/6', '1.0/1']
0.8,0.972727,0.151979,1.28496,['16.0/23', '61.0/64', '4.0/13', '5.0/8', '2.0/2']
0.818182,0.936364,0.165789,1.29735,['13.0/20', '64.0/69', '7.0/11', '3.0/5', '3.0/5']
0.818182,0.972727,0.137477,1.28138,['24.0/31', '53.0/59', '5.0/10', '4.0/6', '4.0/4']
0.745454,0.9,0.18225,1.33813,['17.0/24', '48.0/56', '8.0/17', '5.0/9', '4.0/4']
0.8,1.0,0.154741,1.28246,['26.0/33', '49.0/53', '6.0/14', '4.0/7', '3.0/3']
0.709091,0.945454,0.174215,1.31246,['16.0/27', '44.0/53', '13.0/22', '4.0/6', '1.0/2']
0.754545,0.954545,0.184781,1.30726,['14.0/22', '65.0/68', '2.0/14', '1.0/5', '1.0/1']
0.763636,0.954545,0.158083,1.28162,['22.0/28', '53.0/57', '3.0/16', '1.0/4', '5.0/5']
0.709091,0.927273,0.17178,1.29284,['13.0/22', '54.0/62', '4.0/15', '4.0/7', '3.0/4']
0.772727,0.936364,0.164076,1.30012,['16.0/23', '57.0/62', '6.0/14', '5.0/10', '1.0/1']
0.8,0.945454,0.145645,1.2614,['15.0/24', '62.0/66', '2.0/9', '4.0/5', '5.0/6']
0.763636,0.945454,0.166376,1.26665,['11.0/22', '64.0/67', '3.0/12', '5.0/6', '1.0/3']
0.781818,0.972727,0.162793,1.29342,['23.0/33', '54.0/62', '4.0/10', '1.0/1', '4.0/4']
0.790909,0.981818,0.15871,1.27571,['17.0/26', '61.0/64', '4.0/12', '2.0/5', '3.0/3']
0.790909,1.0,0.144763,1.28408,['13.0/25', '63.0/70', '5.0/8', '4.0/5', '2.0/2']
0.8,0.954545,0.15314,1.27593,['14.0/20', '58.0/63', '10.0/21', '2.0/2', '4.0/4']
0.754545,0.936364,0.16772,1.29223,['15.0/21', '52.0/62', '9.0/18', '6.0/7', '1.0/2']
0.8,0.972727,0.178837,1.26498,['17.0/28', '60.0/61', '2.0/9', '6.0/9', '3.0/3']
0.781818,0.945454,0.160316,1.28787,['12.0/20', '60.0/63', '3.0/15', '6.0/7', '5.0/5']
0.672727,0.890909,0.173471,1.31773,['10.0/23', '47.0/54', '6.0/19', '9.0/11', '2.0/3']
0.763636,0.927273,0.184885,1.30097,['19.0/26', '63.0/65', '1.0/12', '0.0/4', '1.0/3']
0.763636,0.954545,0.166536,1.28315,['12.0/21', '62.0/64', '6.0/18', '3.0/5', '1.0/2']
0.754545,0.963636,0.175125,1.28522,['14.0/30', '59.0/61', '4.0/11', '1.0/3', '5.0/5']
0.827273,0.954545,0.152777,1.27729,['18.0/26', '59.0/61', '12.0/17', '1.0/4', '1.0/2']
0.709091,0.954545,0.183716,1.32753,['13.0/27', '50.0/55', '11.0/16', '2.0/9', '2.0/3']
0.745455,0.945454,0.172005,1.30708,['20.0/29', '53.0/61', '4.0/15', '3.0/3', '2.0/2']
0.763636,0.945454,0.173192,1.29005,['17.0/22', '58.0/67', '6.0/13', '2.0/6', '1.0/2']
0.745455,0.963636,0.152897,1.29004,['17.0/26', '53.0/59', '5.0/15', '5.0/8', '2.0/2']
0.818182,0.963636,0.154109,1.27027,['15.0/21', '64.0/69', '5.0/10', '3.0/6', '3.0/4']
0.763636,0.981818,0.13653,1.26768,['18.0/24', '55.0/62', '3.0/13', '4.0/7', '4.0/4']
0.745455,0.918182,0.19595,1.34965,['21.0/26', '45.0/57', '8.0/15', '4.0/8', '4.0/4']
0.772727,0.972727,0.150187,1.28624,['26.0/34', '44.0/52', '8.0/14', '4.0/7', '3.0/3']
0.727273,0.963636,0.164604,1.29553,['17.0/25', '47.0/55', '11.0/22', '4.0/6', '1.0/2']
0.681818,0.918182,0.216839,1.32358,['8.0/22', '65.0/67', '1.0/15', '1.0/5', '0.0/1']
0.754545,0.954545,0.173218,1.28023,['21.0/30', '53.0/55', '3.0/17', '1.0/3', '5.0/5']
0.718182,0.909091,0.171166,1.29578,['14.0/24', '54.0/58', '3.0/16', '5.0/8', '3.0/4']
0.781818,0.927273,0.157804,1.28697,['20.0/29', '55.0/59', '5.0/11', '5.0/10', '1.0/1']
0.8,0.972727,0.150911,1.26705,['15.0/26', '60.0/64', '3.0/10', '4.0/4', '6.0/6']
0.818182,0.972727,0.137502,1.25888,['16.0/21', '62.0/66', '6.0/13', '5.0/8', '1.0/2']
0.827273,0.990909,0.156348,1.28266,['22.0/31', '60.0/62', '4.0/12', '1.0/1', '4.0/4']
0.754545,0.954545,0.1689,1.28336,['15.0/28', '58.0/61', '5.0/14', '3.0/4', '2.0/3']
0.8,0.972727,0.14836,1.30417,['13.0/21', '63.0/70', '6.0/10', '4.0/7', '2.0/2']
0.745455,0.954545,0.159277,1.28314,['13.0/18', '53.0/67', '10.0/19', '2.0/2', '4.0/4']
0.763636,0.954545,0.165517,1.28822,['10.0/18', '58.0/62', '8.0/18', '6.0/9', '2.0/3']
0.809091,0.972727,0.159341,1.26409,['18.0/29', '55.0/59', '7.0/10', '6.0/9', '3.0/3']
0.854545,0.945454,0.150532,1.28244,['16.0/21', '60.0/61', '7.0/16', '6.0/7', '5.0/5']
0.727273,0.918182,0.189599,1.31867,['12.0/22', '56.0/56', '2.0/18', '9.0/11', '1.0/3']
0.772727,0.936364,0.183477,1.29873,['17.0/26', '65.0/66', '2.0/12', '0.0/4', '1.0/2']
0.736364,0.954545,0.158031,1.27614,['12.0/20', '58.0/63', '7.0/19', '3.0/6', '1.0/2']
0.727273,0.981818,0.150752,1.2649,['17.0/33', '55.0/59', '3.0/11', '2.0/4', '3.0/3']
0.781818,0.954545,0.150141,1.28368,['17.0/24', '53.0/63', '13.0/17', '1.0/4', '2.0/2']
0.718182,0.972727,0.163304,1.29633,['17.0/28', '50.0/56', '4.0/14', '6.0/9', '2.0/3']
0.781818,0.963636,0.17116,1.30384,['20.0/26', '55.0/63', '5.0/15', '4.0/4', '2.0/2']
0.827273,0.972727,0.155423,1.27309,['20.0/23', '63.0/67', '5.0/13', '2.0/5', '1.0/2']
0.8,0.954545,0.150164,1.27749,['21.0/24', '58.0/64', '2.0/12', '5.0/8', '2.0/2']
0.827273,0.936364,0.152723,1.28218,['15.0/22', '64.0/70', '6.0/9', '3.0/5', '3.0/4']
0.818182,0.963636,0.145352,1.26541,['19.0/27', '58.0/61', '5.0/12', '5.0/6', '3.0/4']
0.781818,0.918182,0.187229,1.33882,['18.0/25', '52.0/57', '8.0/15', '4.0/8', '4.0/5']
0.827273,1.0,0.154102,1.27205,['31.0/37', '49.0/53', '5.0/11', '4.0/6', '2.0/3']
0.718182,0.945454,0.178809,1.31594,['16.0/26', '47.0/54', '13.0/21', '2.0/7', '1.0/2']
0.754545,0.945454,0.182987,1.31011,['15.0/23', '67.0/69', '0.0/12', '1.0/5', '0.0/1']
0.763636,0.927273,0.17076,1.28962,['21.0/32', '52.0/53', '3.0/15', '3.0/5', '5.0/5']
0.736364,0.909091,0.174553,1.29535,['21.0/23', '52.0/61', '1.0/14', '4.0/8', '3.0/4']
0.790909,0.945454,0.16911,1.27276,['19.0/26', '62.0/64', '0.0/10', '5.0/9', '1.0/1']
0.772727,0.945454,0.155988,1.27196,['15.0/24', '60.0/64', '2.0/9', '2.0/6', '6.0/7']
0.790909,0.945454,0.154085,1.2787,['15.0/21', '64.0/67', '3.0/12', '4.0/7', '1.0/3']
0.827273,0.990909,0.155257,1.29078,['27.0/33', '58.0/62', '2.0/11', '1.0/1', '3.0/3']
0.727273,0.963636,0.165225,1.2918,['14.0/26', '54.0/60', '5.0/16', '4.0/5', '3.0/3']
0.845455,0.981818,0.143468,1.30068,['16.0/23', '65.0/70', '6.0/10', '4.0/5', '2.0/2']
0.745454,0.936364,0.157257,1.27779,['12.0/17', '57.0/67', '8.0/20', '2.0/2', '3.0/4']
0.790909,0.936364,0.16409,1.28577,['16.0/22', '54.0/61', '9.0/17', '6.0/7', '2.0/3']
0.772727,0.963636,0.178839,1.27307,['17.0/28', '57.0/59', '1.0/10', '7.0/10', '3.0/3']
0.763636,0.945454,0.168807,1.27911,['11.0/22', '59.0/61', '4.0/15', '6.0/7', '4.0/5']
0.772727,0.927273,0.17116,1.3089,['12.0/21', '55.0/58', '7.0/18', '9.0/10', '2.0/3']
0.781818,0.945454,0.178997,1.29994,['19.0/25', '65.0/67', '1.0/11', '1.0/5', '0.0/2']
0.727273,0.954545,0.158609,1.27947,['14.0/20', '56.0/63', '6.0/20', '3.0/5', '1.0/2']
0.772727,0.963636,0.160658,1.27444,['17.0/28', '59.0/64', '5.0/12', '1.0/3', '3.0/3']
0.772727,0.954545,0.147797,1.27511,['18.0/23', '50.0/63', '14.0/18', '1.0/4', '2.0/2']
0.709091,0.981818,0.162492,1.306,['14.0/25', '45.0/57', '10.0/16', '7.0/9', '2.0/3']
0.736364,0.954545,0.176206,1.31193,['21.0/26', '55.0/63', '2.0/15', '1.0/4', '2.0/2']
